{
  "train": {
    "accuracy": 0.7409140879257236,
    "macro_f1": 0.44487463115696646,
    "weighted_f1": 0.743093018807971,
    "samples": 275619,
    "report": "                       precision    recall  f1-score   support\n\n                Sleep       0.93      0.77      0.85      9802\nBed_Toilet_Transition       0.68      0.92      0.78      2609\n               Wakeup       0.31      0.68      0.42      1141\n               Toilet       0.71      0.69      0.70     31487\n     Personal_Hygiene       0.68      0.54      0.60     28546\n               Shower       0.05      0.49      0.09       242\n                Groom       0.08      0.41      0.14       827\n             Watch_TV       0.94      0.90      0.92     47368\n                Dress       0.79      0.96      0.87      3536\n       Cook_Breakfast       0.68      0.79      0.73      9642\n        Eat_Breakfast       0.37      0.52      0.44      2759\nWash_Breakfast_Dishes       0.45      0.62      0.52      4452\n           Leave_Home       0.63      0.29      0.39      1224\n           Enter_Home       0.62      0.20      0.30      1225\n                Drink       0.67      0.20      0.31      6334\n                 Cook       0.82      0.09      0.15     11323\n                  Eat       0.23      0.32      0.27       403\n          Wash_Dishes       0.10      0.23      0.14       759\n                Relax       0.73      0.75      0.74      4429\n             Step_Out       0.09      0.41      0.14        82\n         Work_At_Desk       0.99      1.00      0.99     32064\n          Cook_Dinner       0.74      0.92      0.82     16425\n           Eat_Dinner       0.41      0.49      0.45      2876\n   Wash_Dinner_Dishes       0.54      0.62      0.58      6831\n     Entertain_Guests       0.07      0.13      0.09       165\n           Cook_Lunch       0.63      0.88      0.73      8204\n            Eat_Lunch       0.52      0.16      0.25      2399\n    Wash_Lunch_Dishes       0.30      0.46      0.37      3721\n        Work_At_Table       0.93      0.85      0.89     34411\n     Sleep_Out_Of_Bed       0.00      0.25      0.01         8\n     Sleep_Out_of_Bed       0.00      0.83      0.00         6\n         Single_Leave       0.21      0.24      0.22        96\n         Single_Enter       0.07      0.67      0.12        84\n      Single_Step_Out       0.27      0.04      0.07       139\n\n             accuracy                           0.74    275619\n            macro avg       0.48      0.54      0.44    275619\n         weighted avg       0.79      0.74      0.74    275619\n"
  },
  "val": {
    "accuracy": 0.7103506327644259,
    "macro_f1": 0.40204730291149754,
    "weighted_f1": 0.7092655170489669,
    "samples": 34452,
    "report": "                       precision    recall  f1-score   support\n\n                Sleep       0.95      0.79      0.86      1115\nBed_Toilet_Transition       0.74      0.91      0.82       468\n               Wakeup       0.27      0.62      0.38       117\n               Toilet       0.71      0.76      0.74      3845\n     Personal_Hygiene       0.65      0.46      0.54      2995\n               Shower       0.11      0.40      0.18        63\n                Groom       0.00      0.02      0.01        47\n             Watch_TV       0.94      0.85      0.89      6491\n                Dress       0.54      0.96      0.69       207\n       Cook_Breakfast       0.64      0.78      0.70       758\n        Eat_Breakfast       0.39      0.47      0.43       231\nWash_Breakfast_Dishes       0.27      0.70      0.39       265\n           Leave_Home       0.69      0.29      0.41       157\n           Enter_Home       0.58      0.19      0.28       159\n                Drink       0.43      0.16      0.23       868\n                 Cook       0.90      0.08      0.15      2502\n                  Eat       0.00      0.00      0.00        25\n          Wash_Dishes       0.01      0.02      0.01        88\n                Relax       0.84      0.81      0.83       784\n             Step_Out       0.12      0.28      0.16        18\n         Work_At_Desk       0.98      1.00      0.99      3740\n          Cook_Dinner       0.57      0.95      0.71      1890\n           Eat_Dinner       0.45      0.57      0.50       445\n   Wash_Dinner_Dishes       0.56      0.65      0.60       767\n     Entertain_Guests       0.13      0.20      0.16        20\n           Cook_Lunch       0.61      0.79      0.69      1090\n            Eat_Lunch       0.14      0.02      0.04       364\n    Wash_Lunch_Dishes       0.30      0.46      0.37       561\n        Work_At_Table       0.93      0.85      0.89      4360\n     Sleep_Out_Of_Bed       0.00      0.00      0.00         8\n     Sleep_Out_of_Bed       0.00      0.00      0.00         0\n         Single_Leave       0.00      0.00      0.00         2\n         Single_Enter       0.02      1.00      0.04         2\n      Single_Step_Out       0.00      0.00      0.00         0\n\n             accuracy                           0.71     34452\n            macro avg       0.43      0.47      0.40     34452\n         weighted avg       0.78      0.71      0.71     34452\n"
  },
  "test": {
    "accuracy": 0.6861521493048501,
    "macro_f1": 0.376595125777893,
    "weighted_f1": 0.6963053642208814,
    "samples": 34453,
    "report": "                       precision    recall  f1-score   support\n\n                Sleep       0.92      0.62      0.74      1037\nBed_Toilet_Transition       0.92      0.80      0.86       758\n               Wakeup       0.19      0.55      0.28       106\n               Toilet       0.71      0.74      0.72      6051\n     Personal_Hygiene       0.60      0.43      0.50      3960\n               Shower       0.01      0.08      0.02        39\n                Groom       0.01      0.07      0.01        46\n             Watch_TV       0.92      0.86      0.89      7616\n                Dress       0.63      0.94      0.75       241\n       Cook_Breakfast       0.62      0.55      0.58       999\n        Eat_Breakfast       0.79      0.47      0.59       537\nWash_Breakfast_Dishes       0.34      0.61      0.43       479\n           Leave_Home       0.80      0.09      0.16       136\n           Enter_Home       0.42      0.08      0.13       131\n                Drink       0.64      0.15      0.24       956\n                 Cook       0.87      0.17      0.29      1640\n                  Eat       0.00      0.00      0.00        17\n          Wash_Dishes       0.00      0.00      0.00        47\n                Relax       0.83      0.82      0.83       565\n             Step_Out       0.00      0.00      0.00         0\n         Work_At_Desk       0.99      1.00      0.99      2086\n          Cook_Dinner       0.64      0.96      0.77      1462\n           Eat_Dinner       0.39      0.39      0.39       313\n   Wash_Dinner_Dishes       0.38      0.57      0.46       678\n     Entertain_Guests       0.11      0.17      0.13        23\n           Cook_Lunch       0.54      0.76      0.63       963\n            Eat_Lunch       0.94      0.05      0.09       352\n    Wash_Lunch_Dishes       0.34      0.57      0.43       389\n        Work_At_Table       0.93      0.86      0.89      2819\n     Sleep_Out_Of_Bed       0.00      0.00      0.00         0\n     Sleep_Out_of_Bed       0.00      0.00      0.00         0\n         Single_Leave       0.00      0.00      0.00         0\n         Single_Enter       0.00      0.00      0.00         0\n      Single_Step_Out       0.00      0.00      0.00         7\n\n             accuracy                           0.69     34453\n            macro avg       0.45      0.39      0.38     34453\n         weighted avg       0.76      0.69      0.70     34453\n"
  },
  "timers": {
    "load_events_sec": 9.078419634955935,
    "build_features_sec": 3.343500033020973,
    "train_model_sec": 100.20469757006504,